feature,importance
amount_price_ratio,20.29115025549517
claim_amount_inr,14.922121341408188
partner_type,14.263031115064708
city,9.627065054494771
days_since_purchase,9.538510650823621
customer_prior_claims,8.370803918338463
post_policy,8.067808215678587
partner_inspected,6.364015646615147
warranty_age_ratio,4.318555141142608
serial_prior_partners,1.1016021246828749
serial_prior_claims,0.9642643518559326
under_auto_approval_limit,0.7628707840591611
missing_photo,0.4717329929677416
photo_attached,0.3999511839561759
family,0.34135895110011916
sku,0.19515827231681557
serial_valid,0.0
