claim_id,submitted_at,claim_amount_inr,is_fraud,score,month,expected_net_inr,review
WC710618,2026-06-01 00:30,1374.0,0.0,0.011487676056338028,2026-06,-619.8506161971832,False
WC710619,2026-06-01 00:46,1699.0,0.0,0.007352112676056339,2026-06,-624.7149577464788,False
WC710620,2026-06-01 00:53,388.0,0.0,0.007658450704225352,2026-06,-634.1183098591549,False
WC710621,2026-06-01 00:58,1790.0,0.0,0.007352112676056339,2026-06,-624.0459154929578,False
WC710622,2026-06-01 04:09,668.0,0.0,0.007352112676056339,2026-06,-632.294985915493,False
WC710623,2026-06-01 05:47,4092.0,0.0,0.3826584507042254,2026-06,1071.248591549296,True
WC710624,2026-06-01 06:04,748.0,0.0,0.0051056338028169015,2026-06,-634.2408450704226,False
WC710625,2026-06-01 06:32,1545.0,0.0,0.009190140845070423,2026-06,-622.3089788732394,False
WC710626,2026-06-01 06:42,4834.0,0.0,0.0003501006036217304,2026-06,-638.1745754527162,False
WC710627,2026-06-01 07:51,250.0,0.0,0.015316901408450705,2026-06,-630.3503521126761,False
WC710628,2026-06-01 08:06,1710.0,0.0,0.016351455589520898,2026-06,-605.8254578179013,False
WC710629,2026-06-01 08:12,990.0,0.0,0.011487676056338028,2026-06,-624.2618838028169,False
WC710630,2026-06-01 08:34,1146.0,0.0,0.00437625754527163,2026-06,-633.3218309859155,False
WC710631,2026-06-01 09:06,1805.0,0.0,0.009190140845070423,2026-06,-619.9195422535211,False
WC710632,2026-06-01 09:21,782.0,0.0,0.016351455589520898,2026-06,-620.9996086049766,False
WC710633,2026-06-01 09:57,1440.0,0.0,0.009190140845070423,2026-06,-623.2739436619718,False
WC710634,2026-06-01 10:14,1031.0,0.0,0.009190140845070423,2026-06,-627.0327112676057,False
WC710635,2026-06-01 10:23,1995.0,0.0,0.007658450704225352,2026-06,-621.8111795774648,False
WC710636,2026-06-01 11:52,1633.0,0.0,0.007352112676056339,2026-06,-625.2001971830986,False
WC710637,2026-06-01 12:42,637.0,0.0,0.016351455589520898,2026-06,-623.3705696654572,False
WC710639,2026-06-01 15:55,1317.0,0.0,0.002871919014084507,2026-06,-635.1263534330986,False
WC710640,2026-06-01 16:16,2554.0,0.0,0.015316901408450705,2026-06,-595.0602112676056,False
WC710641,2026-06-01 16:26,1995.0,1.0,0.6913292253521126,2026-06,1001.9069102112674,True
WC710642,2026-06-01 19:08,994.0,0.0,0.006126760563380282,2026-06,-631.5818309859155,False
WC710643,2026-06-01 19:21,1840.0,0.0,0.005251509054325956,2026-06,-628.3416498993963,False
WC710644,2026-06-01 19:24,654.0,0.0,0.009190140845070423,2026-06,-630.4973943661971,False
WC710645,2026-06-01 20:00,16240.0,0.0,0.0003501006036217304,2026-06,-634.1813279678069,False
WC710646,2026-06-01 20:55,1432.0,0.0,0.0051056338028169015,2026-06,-630.7485915492957,False
WC710647,2026-06-01 21:14,1696.0,0.0,0.007352112676056339,2026-06,-624.7370140845071,False
WC710649,2026-06-01 22:19,1622.0,0.0,0.007352112676056339,2026-06,-625.2810704225352,False
WC710650,2026-06-01 22:45,3032.0,0.0,0.005251509054325956,2026-06,-622.0818511066399,False
WC710651,2026-06-02 00:23,1679.0,0.0,0.009190140845070423,2026-06,-621.0775,False
WC710652,2026-06-02 01:51,1454.0,0.0,0.0032821931589537222,2026-06,-633.9804577464788,False
WC710653,2026-06-02 02:34,1988.0,0.0,0.012253521126760564,2026-06,-610.983661971831,False
WC710654,2026-06-02 04:24,1978.0,0.0,0.012253521126760564,2026-06,-611.1061971830986,False
WC710655,2026-06-02 06:15,5463.0,0.0,0.0003501006036217304,2026-06,-637.9543621730381,False
WC710656,2026-06-02 08:08,778.0,0.0,0.007352112676056339,2026-06,-631.4862535211267,False
WC710657,2026-06-02 08:44,1737.0,0.0,0.002871919014084507,2026-06,-633.9201474471831,False
WC710658,2026-06-02 10:38,449.0,0.0,0.011487676056338028,2026-06,-630.4767165492958,False
WC710659,2026-06-02 14:14,904.0,0.0,0.006126760563380282,2026-06,-632.1332394366198,False
WC710660,2026-06-02 16:32,3132.0,0.0,0.015316901408450705,2026-06,-586.2070422535212,False
WC710661,2026-06-02 16:39,2847.0,0.0,0.009190140845070423,2026-06,-610.3434154929578,False
WC710662,2026-06-02 17:54,1526.0,1.0,0.6219651240778001,2026-06,545.465526492287,True
WC710663,2026-06-02 18:53,1995.0,0.0,0.015316901408450705,2026-06,-603.6223591549297,False
WC710664,2026-06-02 18:56,1995.0,0.0,0.012253521126760564,2026-06,-610.8978873239437,False
WC710665,2026-06-02 20:51,463.0,0.0,0.0051056338028169015,2026-06,-635.6959507042254,False
WC710666,2026-06-02 21:31,699.0,0.0,0.0051056338028169015,2026-06,-634.4910211267606,False
WC710667,2026-06-02 21:54,904.0,0.0,0.009190140845070423,2026-06,-628.1998591549295,False
WC710668,2026-06-02 22:57,826.0,0.0,0.015316901408450705,2026-06,-621.5278169014084,False
WC710669,2026-06-03 01:24,1282.0,0.0,0.0032821931589537222,2026-06,-634.5449949698188,False
WC710670,2026-06-03 01:39,698.0,0.0,0.006126760563380282,2026-06,-633.395352112676,False
WC710671,2026-06-03 02:07,845.0,0.0,0.00437625754527163,2026-06,-634.6390845070423,False
WC710672,2026-06-03 02:20,499.0,0.0,0.00437625754527163,2026-06,-636.1532696177062,False
WC710673,2026-06-03 03:36,1515.0,0.0,0.012253521126760564,2026-06,-616.7795774647886,False
WC710674,2026-06-03 03:42,1039.0,0.0,0.009190140845070423,2026-06,-626.9591901408451,False
WC710675,2026-06-03 04:28,858.0,0.0,0.009190140845070423,2026-06,-628.6226056338028,False
WC710676,2026-06-03 05:38,767.0,0.0,0.005251509054325956,2026-06,-633.9765191146881,False
WC710677,2026-06-03 08:05,1263.0,0.0,0.011487676056338028,2026-06,-621.1257482394367,False
WC710678,2026-06-03 09:50,1995.0,0.0,0.015316901408450705,2026-06,-603.6223591549297,False
WC710679,2026-06-03 10:00,658.0,0.0,0.012253521126760564,2026-06,-627.2808450704225,False
WC710680,2026-06-03 10:10,2857.0,0.0,0.015316901408450705,2026-06,-590.4191901408451,False
WC710681,2026-06-03 12:10,480.0,0.0,0.015316901408450705,2026-06,-626.8274647887324,False
WC710682,2026-06-03 12:55,1089.0,0.0,0.007352112676056339,2026-06,-629.1997464788733,False
WC710683,2026-06-03 15:02,1401.0,0.0,0.00437625754527163,2026-06,-632.2058853118713,False
WC710684,2026-06-03 15:10,1943.0,0.0,0.00437625754527163,2026-06,-629.833953722334,False
WC710685,2026-06-03 15:19,991.0,0.0,0.012253521126760564,2026-06,-623.2004225352113,False
WC710686,2026-06-03 15:34,1233.0,0.0,0.012253521126760564,2026-06,-620.2350704225352,False
WC710687,2026-06-03 21:09,9802.0,0.0,0.0003501006036217304,2026-06,-636.4352756539236,False
WC710688,2026-06-03 21:35,1995.0,0.0,0.12122535211267606,2026-06,-352.08978873239437,False
WC710689,2026-06-03 21:55,8765.0,0.0,0.010211267605633803,2026-06,-546.6179577464789,False
WC710690,2026-06-03 22:04,922.0,0.0,0.006126760563380282,2026-06,-632.0229577464788,False
WC710692,2026-06-03 22:30,26122.0,0.0,0.009190140845070423,2026-06,-396.44288732394364,False
WC710691,2026-06-03 22:30,341.0,0.0,0.007352112676056339,2026-06,-634.6991267605633,False
WC710693,2026-06-04 00:35,899.0,0.0,0.009190140845070423,2026-06,-628.2458098591549,False
WC710694,2026-06-04 01:04,1469.0,0.0,0.011487676056338028,2026-06,-618.759286971831,False
WC710695,2026-06-04 02:06,1995.0,0.0,0.015316901408450705,2026-06,-603.6223591549297,False
WC710696,2026-06-04 03:02,483.0,0.0,0.007352112676056339,2026-06,-633.6551267605635,False
WC710697,2026-06-04 03:28,9404.0,0.0,0.015316901408450705,2026-06,-490.1394366197183,False
WC710698,2026-06-04 03:49,1040.0,1.0,0.6219651240778001,2026-06,243.19047619047626,True
WC710699,2026-06-04 03:53,3729.0,0.0,0.015316901408450705,2026-06,-577.0628521126761,False
WC710700,2026-06-04 05:16,916.0,0.0,0.007352112676056339,2026-06,-630.471661971831,False
WC710701,2026-06-04 06:14,369.0,0.0,0.009190140845070423,2026-06,-633.1165845070423,False
WC710702,2026-06-04 07:21,1995.0,0.0,0.007658450704225352,2026-06,-621.8111795774648,False
WC710703,2026-06-04 07:42,1198.0,0.0,0.012253521126760564,2026-06,-620.6639436619719,False
WC710704,2026-06-04 08:03,1601.0,0.0,0.011487676056338028,2026-06,-617.2429137323943,False
WC710705,2026-06-04 08:22,1801.0,0.0,0.0051056338028169015,2026-06,-628.8646126760564,False
WC710706,2026-06-04 11:44,4899.0,0.0,0.005251509054325956,2026-06,-612.2772837022133,False
WC710707,2026-06-04 11:49,618.0,0.0,0.007352112676056339,2026-06,-632.6625915492957,False
WC710708,2026-06-04 12:27,6728.0,0.0,0.012253521126760564,2026-06,-552.9019718309859,False
WC710709,2026-06-04 14:56,397.0,0.0,0.009190140845070423,2026-06,-632.8592605633803,False
WC710710,2026-06-04 18:30,636.0,0.0,0.016351455589520898,2026-06,-623.3869211210467,False
WC710711,2026-06-04 18:32,686.0,1.0,0.009190140845070423,2026-06,-630.2033098591548,False
WC710712,2026-06-04 19:42,1010.0,0.0,0.015316901408450705,2026-06,-618.7095070422536,False
WC710713,2026-06-04 20:12,3655.0,0.0,0.0003501006036217304,2026-06,-638.5873440643863,False
WC710714,2026-06-04 20:18,4595.0,0.0,0.00875251509054326,2026-06,-596.4562374245472,False
WC710715,2026-06-04 22:57,696.0,0.0,0.007658450704225352,2026-06,-631.7595070422535,False
WC710716,2026-06-05 01:34,564.0,0.0,0.011487676056338028,2026-06,-629.155633802817,False
WC710717,2026-06-05 02:16,5904.0,0.0,0.015316901408450705,2026-06,-543.7485915492957,False
WC710718,2026-06-05 05:24,2441.0,0.0,0.012253521126760564,2026-06,-605.4328169014084,False
WC710719,2026-06-05 05:44,1784.0,0.0,0.016351455589520898,2026-06,-604.6154501042768,False
WC710720,2026-06-05 08:41,4981.0,0.0,0.010211267605633803,2026-06,-585.2573943661971,False
WC710721,2026-06-05 10:10,1806.0,0.0,0.007352112676056339,2026-06,-623.9282816901409,False
WC710722,2026-06-05 10:39,440.0,0.0,0.009190140845070423,2026-06,-632.4640845070422,False
WC710723,2026-06-05 11:23,9804.0,0.0,0.006126760563380282,2026-06,-577.6050704225352,False
WC710724,2026-06-05 12:26,1267.0,0.0,0.007658450704225352,2026-06,-627.3865316901408,False
WC710725,2026-06-05 13:49,940.0,0.0,0.016351455589520898,2026-06,-618.4160786218324,False
WC710726,2026-06-05 15:00,839.0,1.0,0.25510563380281687,2026-06,-329.0262323943663,False
WC710727,2026-06-05 15:02,1371.0,0.0,0.012253521126760564,2026-06,-618.5440845070423,False
WC710728,2026-06-05 15:04,638.0,0.0,0.009190140845070423,2026-06,-630.6444366197184,False
WC710729,2026-06-05 15:06,1995.0,0.0,0.12122535211267606,2026-06,-352.08978873239437,False
WC710730,2026-06-05 15:08,3404.0,0.0,0.012253521126760564,2026-06,-593.6326760563379,False
WC710731,2026-06-05 16:14,1097.0,0.0,0.011487676056338028,2026-06,-623.0327024647887,False
WC710732,2026-06-05 16:29,1533.0,0.0,0.007658450704225352,2026-06,-625.3493838028169,False
WC710733,2026-06-05 17:42,1022.0,0.0,0.011487676056338028,2026-06,-623.8942781690141,False
WC710734,2026-06-06 00:41,986.0,0.0,0.009190140845070423,2026-06,-627.4462676056338,False
WC710735,2026-06-06 02:00,728.0,0.0,0.015316901408450705,2026-06,-623.0288732394366,False
WC710736,2026-06-06 04:32,1430.0,0.0,0.006126760563380282,2026-06,-628.9105633802817,False
WC710737,2026-06-06 04:36,1937.0,0.0,0.016351455589520898,2026-06,-602.1136773990801,False
WC710738,2026-06-06 06:23,1475.0,0.0,0.009190140845070423,2026-06,-622.9522887323944,False
WC710739,2026-06-06 08:41,1198.0,0.0,0.011487676056338028,2026-06,-621.8724471830985,False
WC710740,2026-06-06 09:05,13095.0,0.0,0.012253521126760564,2026-06,-474.8838028169014,False
WC710741,2026-06-06 11:25,501.0,0.0,0.016351455589520898,2026-06,-625.594367625632,False
WC710742,2026-06-06 12:08,984.0,0.0,0.00437625754527163,2026-06,-634.0307847082495,False
WC710743,2026-06-06 14:03,1508.0,0.0,0.011487676056338028,2026-06,-618.3112676056338,False
WC710744,2026-06-06 14:46,592.0,0.0,0.011487676056338028,2026-06,-628.8339788732394,False
WC710745,2026-06-06 15:07,1476.0,0.0,0.015316901408450705,2026-06,-611.5718309859155,False
WC710746,2026-06-06 15:49,1995.0,0.0,0.012253521126760564,2026-06,-610.8978873239437,False
WC710747,2026-06-06 16:15,1305.0,0.0,0.00437625754527163,2026-06,-632.6260060362173,False
WC710748,2026-06-06 18:58,720.0,0.0,0.011487676056338028,2026-06,-627.3635563380282,False
WC710749,2026-06-06 21:35,1995.0,0.0,0.015316901408450705,2026-06,-603.6223591549297,False
WC710750,2026-06-06 22:14,751.0,0.0,0.012253521126760564,2026-06,-626.1412676056337,False
WC710751,2026-06-07 00:43,1357.0,0.0,0.0051056338028169015,2026-06,-631.131514084507,False
WC710752,2026-06-07 01:28,1362.0,0.0,0.005251509054325956,2026-06,-630.8518712273642,False
WC710753,2026-06-07 04:31,1646.0,0.0,0.005251509054325956,2026-06,-629.3604426559357,False
WC710754,2026-06-07 07:49,429.0,0.0,0.009190140845070423,2026-06,-632.565176056338,False
WC710755,2026-06-07 08:15,1995.0,0.0,0.010211267605633803,2026-06,-615.7482394366198,False
WC710756,2026-06-07 09:11,983.0,0.0,0.0051056338028169015,2026-06,-633.0410211267606,False
WC710757,2026-06-07 12:40,494.0,0.0,0.016351455589520898,2026-06,-625.7088278147587,False
WC710758,2026-06-07 14:58,1581.0,0.0,0.009190140845070423,2026-06,-621.978133802817,False
WC710760,2026-06-07 16:31,1250.0,0.0,0.011487676056338028,2026-06,-621.275088028169,False
WC710761,2026-06-07 16:35,746.0,0.0,0.004595070422535211,2026-06,-634.8259507042253,False
WC710762,2026-06-07 17:34,670.0,0.0,0.007352112676056339,2026-06,-632.2802816901408,False
WC710763,2026-06-07 18:45,408.0,0.0,0.00437625754527163,2026-06,-636.551509054326,False
WC710764,2026-06-07 21:51,4059.0,0.0,0.010211267605633803,2026-06,-594.6721830985915,False
WC710765,2026-06-07 22:08,1164.0,1.0,0.25510563380281687,2026-06,-246.11690140845076,False
WC710766,2026-06-07 22:37,777.0,0.0,0.0051056338028169015,2026-06,-634.0927816901408,False
WC710767,2026-06-07 23:26,1619.0,0.0,0.009190140845070423,2026-06,-621.6289084507042,False
WC710768,2026-06-08 00:03,1364.0,0.0,0.011487676056338028,2026-06,-619.9654929577465,False
WC710769,2026-06-08 00:21,1150.0,0.0,0.016351455589520898,2026-06,-614.982272948033,False
WC710770,2026-06-08 01:22,5043.0,0.0,0.011487676056338028,2026-06,-577.7023327464789,False
WC710771,2026-06-08 01:31,640.0,0.0,0.0051056338028169015,2026-06,-634.7922535211268,False
WC710772,2026-06-08 02:13,3659.0,0.0,0.0003501006036217304,2026-06,-638.5859436619719,False
WC710773,2026-06-08 03:17,1364.0,0.0,0.007352112676056339,2026-06,-627.1779154929577,False
WC710774,2026-06-08 03:38,1304.0,0.0,0.016351455589520898,2026-06,-612.4641487872468,False
WC710775,2026-06-08 03:40,1676.0,0.0,0.016351455589520898,2026-06,-606.381407307945,False
WC710776,2026-06-08 03:55,1995.0,0.0,0.012253521126760564,2026-06,-610.8978873239437,False
WC710777,2026-06-08 04:40,373.0,0.0,0.009190140845070423,2026-06,-633.079823943662,False
WC710778,2026-06-08 05:32,1022.0,0.0,0.011487676056338028,2026-06,-623.8942781690141,False
WC710779,2026-06-08 05:58,831.0,0.0,0.005251509054325956,2026-06,-633.6404225352112,False
WC710780,2026-06-08 06:44,7095.0,0.0,0.0003501006036217304,2026-06,-637.3829979879276,False
WC710782,2026-06-08 07:15,643.0,0.0,0.015316901408450705,2026-06,-624.3308098591549,False
WC710783,2026-06-08 08:58,1304.0,0.0,0.0051056338028169015,2026-06,-631.4021126760563,False
WC710784,2026-06-08 11:16,1646.0,0.0,0.011487676056338028,2026-06,-616.7259683098591,False
WC710785,2026-06-08 11:19,889.0,0.0,0.524662558685446,2026-06,25.796786971830898,True
WC710787,2026-06-08 12:01,1059.0,0.0,0.007352112676056339,2026-06,-629.4203098591549,False
WC710788,2026-06-08 12:06,1221.0,0.0,0.016351455589520898,2026-06,-613.821319601177,False
WC710789,2026-06-08 13:22,3346.0,0.0,0.0003501006036217304,2026-06,-638.6955251509055,False
WC710790,2026-06-08 13:46,1281.0,0.0,0.011487676056338028,2026-06,-620.9189700704226,False
WC710791,2026-06-08 14:00,928.0,0.0,0.0020422535211267606,2026-06,-637.3287323943662,False
WC710792,2026-06-08 14:15,467.0,0.0,0.25510563380281687,2026-06,-423.9255281690141,False
WC710793,2026-06-08 14:17,1995.0,0.0,0.00875251509054326,2026-06,-619.2127766599597,False
WC710794,2026-06-08 14:26,2456.0,0.0,0.015316901408450705,2026-06,-596.5612676056338,False
WC710795,2026-06-08 14:43,1415.0,0.0,0.009190140845070423,2026-06,-623.5036971830987,False
WC710796,2026-06-08 16:53,924.0,0.0,0.015316901408450705,2026-06,-620.0267605633803,False
WC710797,2026-06-08 17:10,7991.0,0.0,0.012253521126760564,2026-06,-537.4257746478872,False
WC710798,2026-06-08 17:18,4221.0,0.0,0.015316901408450705,2026-06,-569.5269366197183,False
WC710799,2026-06-08 17:26,774.0,0.0,0.012253521126760564,2026-06,-625.8594366197183,False
WC710800,2026-06-08 17:57,514.0,0.0,0.009190140845070423,2026-06,-631.784014084507,False
WC710801,2026-06-08 18:03,1202.0,0.0,0.004595070422535211,2026-06,-632.7305985915493,False
WC710802,2026-06-08 19:53,1995.0,0.0,0.010211267605633803,2026-06,-615.7482394366198,False
WC710803,2026-06-08 22:14,620.0,0.0,0.0051056338028169015,2026-06,-634.8943661971831,False
WC710804,2026-06-09 00:41,1313.0,0.0,0.23119718309859152,2026-06,-248.58316901408455,False
WC710805,2026-06-09 02:29,1362.0,0.0,0.006126760563380282,2026-06,-629.3271830985916,False
WC710806,2026-06-09 03:54,4373.0,0.0,0.00875251509054326,2026-06,-598.3992957746478,False
WC710807,2026-06-09 04:06,2508.0,0.0,0.012253521126760564,2026-06,-604.6118309859155,False
WC710808,2026-06-09 04:34,935.0,0.0,0.007352112676056339,2026-06,-630.3319718309859,False
WC710809,2026-06-09 04:51,1089.0,0.0,0.00437625754527163,2026-06,-633.5712776659959,False
WC710810,2026-06-09 05:21,1874.0,0.0,0.003829225352112676,2026-06,-631.3689260563381,False
WC710812,2026-06-09 06:08,2362.0,0.0,0.009190140845070423,2026-06,-614.800633802817,False
WC710813,2026-06-09 07:30,2328.0,0.0,0.0003501006036217304,2026-06,-639.0519275653924,False
WC710814,2026-06-09 08:38,923.0,0.0,0.007352112676056339,2026-06,-630.4201971830986,False
WC710815,2026-06-09 09:18,2821.0,0.0,0.010211267605633803,2026-06,-607.3137323943662,False
WC710816,2026-06-09 09:20,1995.0,0.0,0.015316901408450705,2026-06,-603.6223591549297,False
WC710817,2026-06-09 10:11,1107.0,0.0,0.016351455589520898,2026-06,-615.6853855383824,False
WC710818,2026-06-09 10:17,444.0,0.0,0.007352112676056339,2026-06,-633.9418591549296,False
WC710819,2026-06-09 10:21,1664.0,0.0,0.011487676056338028,2026-06,-616.519190140845,False
WC710820,2026-06-09 13:09,1711.0,0.0,0.011487676056338028,2026-06,-615.9792693661972,False
WC710821,2026-06-09 13:19,870.0,0.0,0.009190140845070423,2026-06,-628.512323943662,False
WC710822,2026-06-09 15:22,4251.0,0.0,0.012253521126760564,2026-06,-583.2539436619718,False
WC710823,2026-06-09 15:48,5482.0,0.0,0.009190140845070423,2026-06,-586.1273943661972,False
WC710824,2026-06-09 16:55,932.0,0.0,0.003751077895947111,2026-06,-635.0785858005174,False
WC710825,2026-06-09 18:25,1908.0,0.0,0.011487676056338028,2026-06,-613.7161971830985,False
WC710826,2026-06-09 20:22,4153.0,0.0,0.0003501006036217304,2026-06,-638.4129939637827,False
WC710827,2026-06-09 21:35,2750.0,0.0,0.009190140845070423,2026-06,-611.2348591549296,False
WC710828,2026-06-09 23:17,1680.0,0.0,0.005251509054325956,2026-06,-629.1818913480886,False
WC710829,2026-06-09 23:45,1129.0,0.0,0.015316901408450705,2026-06,-616.8867957746479,False
WC710830,2026-06-10 00:05,1211.0,0.0,0.006126760563380282,2026-06,-630.252323943662,False
WC710831,2026-06-10 02:18,1835.0,0.0,0.011487676056338028,2026-06,-614.5547975352113,False
WC710832,2026-06-10 03:19,1055.0,0.0,0.015316901408450705,2026-06,-618.0202464788732,False
WC710833,2026-06-10 04:00,1518.0,0.0,0.00437625754527163,2026-06,-631.6938631790745,False
WC710834,2026-06-10 05:23,1339.0,0.0,0.007658450704225352,2026-06,-626.8351232394366,False
WC710835,2026-06-10 05:45,589.0,0.0,0.009190140845070423,2026-06,-631.0947535211267,False
WC710836,2026-06-10 07:04,1995.0,0.0,0.015316901408450705,2026-06,-603.6223591549297,False
WC710837,2026-06-10 07:26,2434.0,0.0,0.015316901408450705,2026-06,-596.8982394366197,False
WC710838,2026-06-10 07:32,5425.0,0.0,0.0065643863179074445,2026-06,-601.8937374245472,False
WC710839,2026-06-10 08:30,471.0,0.0,0.005251509054325956,2026-06,-635.5309657947687,False
WC710840,2026-06-10 08:37,764.0,0.0,0.007352112676056339,2026-06,-631.5891830985915,False
WC710841,2026-06-10 10:13,2466.0,0.0,0.0003501006036217304,2026-06,-639.0036136820925,False
WC710842,2026-06-10 12:29,10252.0,0.0,0.009190140845070423,2026-06,-542.2904225352113,False
WC710843,2026-06-10 13:00,1995.0,0.0,0.012253521126760564,2026-06,-610.8978873239437,False
WC710844,2026-06-10 14:45,1673.0,0.0,0.016351455589520898,2026-06,-606.4304616747136,False
WC710845,2026-06-10 15:22,3532.0,0.0,0.0003501006036217304,2026-06,-638.6304064386318,False
WC710846,2026-06-10 18:05,4675.0,0.0,0.011487676056338028,2026-06,-581.9297975352113,False
WC710847,2026-06-10 19:40,553.0,0.0,0.007352112676056339,2026-06,-633.1404788732394,False
WC710848,2026-06-10 20:34,1382.0,0.0,0.007352112676056339,2026-06,-627.0455774647887,False
WC710849,2026-06-10 20:38,1995.0,0.0,0.012253521126760564,2026-06,-610.8978873239437,False
WC710850,2026-06-10 22:10,1995.0,0.0,0.010211267605633803,2026-06,-615.7482394366198,False
WC710851,2026-06-11 02:23,5039.0,0.0,0.0065643863179074445,2026-06,-604.4275905432596,False
WC710852,2026-06-11 03:53,1910.0,0.0,0.015316901408450705,2026-06,-604.9242957746478,False
WC710853,2026-06-11 04:43,1015.0,0.0,0.0051056338028169015,2026-06,-632.8776408450705,False
WC710854,2026-06-11 05:25,2404.0,0.0,0.015316901408450705,2026-06,-597.3577464788732,False
WC710855,2026-06-11 05:57,8628.0,0.0,0.00437625754527163,2026-06,-600.5786720321931,False
WC710856,2026-06-11 06:05,1105.0,0.0,0.006126760563380282,2026-06,-630.9017605633803,False
WC710857,2026-06-11 07:14,1088.0,0.0,0.011487676056338028,2026-06,-623.1360915492958,False
WC710858,2026-06-11 07:53,682.0,0.0,0.00437625754527163,2026-06,-635.3524144869216,False
WC710859,2026-06-11 08:31,2650.0,0.0,0.015316901408450705,2026-06,-593.5897887323944,False
WC710860,2026-06-11 09:53,4406.0,0.0,0.010211267605633803,2026-06,-591.1288732394366,False
WC710861,2026-06-11 10:22,1521.0,0.0,0.011487676056338028,2026-06,-618.1619278169014,False
WC710862,2026-06-11 10:32,5140.0,0.0,0.003829225352112676,2026-06,-618.862676056338,False
WC710863,2026-06-11 11:48,8759.0,0.0,0.012253521126760564,2026-06,-528.0150704225352,False
WC710864,2026-06-11 12:56,589.0,0.0,0.016351455589520898,2026-06,-624.1554395337542,False
WC710866,2026-06-11 12:58,250.0,0.0,0.016351455589520898,2026-06,-629.6985829786018,False
WC710865,2026-06-11 12:58,1098.0,0.0,0.011487676056338028,2026-06,-623.0212147887323,False
WC710867,2026-06-11 13:21,777.0,1.0,0.25510563380281687,2026-06,-344.8427816901409,False
WC710868,2026-06-11 13:27,3111.0,0.0,0.006126760563380282,2026-06,-618.6114788732394,False
WC710869,2026-06-11 14:43,1439.0,0.0,0.012253521126760564,2026-06,-617.7108450704225,False
WC710870,2026-06-11 17:57,10185.0,0.0,0.012253521126760564,2026-06,-510.54154929577464,False
WC710871,2026-06-11 18:57,864.0,0.0,0.011487676056338028,2026-06,-625.7093309859155,False
WC710872,2026-06-11 19:35,2106.0,0.0,0.0003501006036217304,2026-06,-639.1296498993963,False
WC710874,2026-06-11 20:24,1103.0,0.0,0.011487676056338028,2026-06,-622.9637764084507,False
WC710873,2026-06-11 20:24,1995.0,0.0,0.536993838028169,2026-06,635.3603653169015,True
WC710875,2026-06-11 20:47,1081.0,1.0,0.6219651240778001,2026-06,268.69104627766603,True
WC710876,2026-06-11 22:40,1995.0,1.0,0.5884389671361503,2026-06,757.5425469483569,True
WC710877,2026-06-12 01:10,723.0,0.0,0.012253521126760564,2026-06,-626.4843661971831,False
WC710878,2026-06-12 04:36,1085.0,0.0,0.003829225352112676,2026-06,-634.3901848591549,False
WC710879,2026-06-12 05:56,593.0,0.0,0.009190140845070423,2026-06,-631.0579929577465,False
WC710880,2026-06-12 07:15,964.0,0.0,0.0051056338028169015,2026-06,-633.1380281690141,False
WC710881,2026-06-12 10:28,1589.0,0.0,0.003829225352112676,2026-06,-632.4602552816901,False
WC710882,2026-06-12 10:58,926.0,0.0,0.007352112676056339,2026-06,-630.3981408450704,False
WC710883,2026-06-12 11:43,970.0,0.0,0.00437625754527163,2026-06,-634.0920523138833,False
WC710884,2026-06-12 12:36,4100.0,0.0,0.0065643863179074445,2026-06,-610.5915492957747,False
WC710885,2026-06-12 13:05,509.0,0.0,0.0051056338028169015,2026-06,-635.4610915492958,False
WC710886,2026-06-12 13:37,2870.0,0.0,0.00875251509054326,2026-06,-611.5543259557344,False
WC710887,2026-06-12 14:08,2996.0,0.0,0.011487676056338028,2026-06,-601.2176056338028,False
WC710888,2026-06-12 14:14,1457.0,0.0,0.011487676056338028,2026-06,-618.897139084507,False
WC710889,2026-06-12 14:46,887.0,0.0,0.011487676056338028,2026-06,-625.4451144366197,False
WC710890,2026-06-12 17:03,1215.0,0.0,0.003751077895947111,2026-06,-634.0170307559644,False
WC710891,2026-06-12 17:08,984.0,0.0,0.006126760563380282,2026-06,-631.6430985915492,False
WC710892,2026-06-12 19:33,250.0,0.0,0.003829225352112676,2026-06,-637.587588028169,False
WC710893,2026-06-12 20:31,832.0,0.0,0.25510563380281687,2026-06,-330.81197183098595,False
WC710894,2026-06-12 22:11,2013.0,0.0,0.0065643863179074445,2026-06,-624.2914235412475,False
WC710895,2026-06-12 22:23,1183.0,0.0,0.011487676056338028,2026-06,-622.0447623239436,False
WC710896,2026-06-13 00:34,457.0,0.0,0.007352112676056339,2026-06,-633.8462816901408,False
WC710897,2026-06-13 00:59,993.0,0.0,0.007352112676056339,2026-06,-629.9055492957747,False
WC710898,2026-06-13 02:02,1038.0,0.0,0.007352112676056339,2026-06,-629.5747042253521,False
WC710899,2026-06-13 02:03,634.0,0.0,0.011487676056338028,2026-06,-628.3514964788733,False
WC710900,2026-06-13 03:27,1995.0,0.0,0.015316901408450705,2026-06,-603.6223591549297,False
WC710901,2026-06-13 04:49,15731.0,0.0,0.007658450704225352,2026-06,-516.6147007042254,False
WC710902,2026-06-13 05:00,370.0,0.0,0.0051056338028169015,2026-06,-636.1707746478874,False
WC710903,2026-06-13 06:00,1758.0,0.0,0.011487676056338028,2026-06,-615.4393485915493,False
WC710904,2026-06-13 06:04,1026.0,0.0,0.011487676056338028,2026-06,-623.8483274647888,False
WC710905,2026-06-13 06:18,1931.0,0.0,0.011487676056338028,2026-06,-613.4519806338028,False
WC710906,2026-06-13 06:25,1211.0,0.0,0.007352112676056339,2026-06,-628.3027887323944,False
WC710907,2026-06-13 07:22,1362.0,0.0,0.011487676056338028,2026-06,-619.9884683098592,False
WC710908,2026-06-13 08:52,2974.0,0.0,0.012253521126760564,2026-06,-598.9016901408451,False
WC710909,2026-06-13 10:20,1231.0,0.0,0.005251509054325956,2026-06,-631.5398189134809,False
WC710910,2026-06-13 10:55,1668.0,0.0,0.009190140845070423,2026-06,-621.1785915492958,False
WC710911,2026-06-13 12:24,743.0,0.0,0.009190140845070423,2026-06,-629.6794718309859,False
WC710912,2026-06-13 12:34,1485.0,0.0,0.0020422535211267606,2026-06,-636.1911971830986,False
WC710913,2026-06-13 12:35,1101.0,0.0,0.011487676056338028,2026-06,-622.9867517605634,False
WC710914,2026-06-13 13:16,702.0,0.0,0.006126760563380282,2026-06,-633.3708450704225,False
WC710915,2026-06-13 14:05,1426.0,0.0,0.011487676056338028,2026-06,-619.2532570422535,False
WC710916,2026-06-13 14:13,1401.0,0.0,0.016351455589520898,2026-06,-610.8780575950633,False
WC710917,2026-06-13 15:06,1199.0,0.0,0.016351455589520898,2026-06,-614.1810516241464,False
WC710918,2026-06-13 15:27,1243.0,0.0,0.015316901408450705,2026-06,-615.1406690140846,False
WC710919,2026-06-13 15:28,1995.0,0.0,0.012253521126760564,2026-06,-610.8978873239437,False
WC710920,2026-06-13 16:16,1215.0,0.0,0.009190140845070423,2026-06,-625.3417253521127,False
WC710921,2026-06-13 16:16,1668.0,0.0,0.006126760563380282,2026-06,-627.4523943661973,False
WC710922,2026-06-13 17:22,1249.0,0.0,0.009190140845070423,2026-06,-625.0292605633803,False
WC710923,2026-06-13 18:59,1446.0,0.0,0.009190140845070423,2026-06,-623.2188028169014,False
WC710924,2026-06-13 20:18,1002.0,0.0,0.006126760563380282,2026-06,-631.5328169014085,False
WC710925,2026-06-13 20:28,2158.0,0.0,0.015316901408450705,2026-06,-601.1257042253521,False
WC710926,2026-06-13 21:35,7625.0,0.0,0.12367605633802814,2026-06,350.02683098591524,True
WC710927,2026-06-13 22:41,1525.0,0.0,0.011487676056338028,2026-06,-618.1159771126761,False
WC710928,2026-06-13 23:13,1995.0,0.0,0.012253521126760564,2026-06,-610.8978873239437,False
WC710929,2026-06-13 23:17,1894.0,0.0,0.007352112676056339,2026-06,-623.2812957746479,False
WC710930,2026-06-13 23:42,1995.0,0.0,0.12122535211267606,2026-06,-352.08978873239437,False
WC710931,2026-06-13 23:46,858.0,0.0,0.0051056338028169015,2026-06,-633.6792253521128,False
WC710932,2026-06-14 00:06,1551.0,0.0,0.0051056338028169015,2026-06,-630.1410211267605,False
WC710933,2026-06-14 00:21,12898.0,0.0,0.012253521126760564,2026-06,-477.2977464788732,False
WC710934,2026-06-14 00:46,3809.0,0.0,0.015316901408450705,2026-06,-575.8375,False
WC710935,2026-06-14 01:33,5584.0,0.0,0.015316901408450705,2026-06,-548.65,False
WC710936,2026-06-14 04:25,814.0,0.0,0.016351455589520898,2026-06,-620.476362026112,False
WC710937,2026-06-14 04:39,1379.0,0.0,0.011487676056338028,2026-06,-619.7931778169013,False
WC710938,2026-06-14 05:15,990.0,0.0,0.0051056338028169015,2026-06,-633.0052816901409,False
WC710939,2026-06-14 05:57,1756.0,0.0,0.003829225352112676,2026-06,-631.8207746478873,False
WC710940,2026-06-14 06:06,1044.0,0.0,0.016351455589520898,2026-06,-616.7155272405223,False
WC710941,2026-06-14 06:16,1838.0,0.0,0.016351455589520898,2026-06,-603.7324715024426,False
WC710942,2026-06-14 07:48,1995.0,1.0,0.4045950704225352,2026-06,320.91329225352104,True
WC710943,2026-06-14 08:53,2913.0,0.0,0.0065643863179074445,2026-06,-618.3834758551308,False
WC710944,2026-06-14 09:12,1659.0,0.0,0.007352112676056339,2026-06,-625.0090422535211,False
WC710945,2026-06-14 09:26,1073.0,0.0,0.011487676056338028,2026-06,-623.3084066901408,False
WC710946,2026-06-14 10:43,1995.0,0.0,0.17687793427230047,2026-06,-219.9149061032864,False
WC710947,2026-06-14 11:33,4123.0,0.0,0.009190140845070423,2026-06,-598.6167957746479,False
WC710948,2026-06-14 12:51,1018.0,0.0,0.009190140845070423,2026-06,-627.1521830985915,False
WC710949,2026-06-14 13:08,5887.0,0.0,0.009190140845070423,2026-06,-582.4053873239436,False
WC710950,2026-06-14 15:24,560.0,0.0,0.016351455589520898,2026-06,-624.6296317458504,False
WC710951,2026-06-14 15:33,1995.0,0.0,0.010211267605633803,2026-06,-615.7482394366198,False
WC710952,2026-06-14 15:46,517.0,0.0,0.004595070422535211,2026-06,-635.8782218309859,False
WC710953,2026-06-14 17:00,3654.0,0.0,0.015316901408450705,2026-06,-578.2116197183099,False
WC710954,2026-06-14 19:01,1128.0,0.0,0.006126760563380282,2026-06,-630.7608450704225,False
WC710955,2026-06-14 19:09,875.0,0.0,0.009190140845070423,2026-06,-628.4663732394366,False
WC710956,2026-06-14 19:24,2707.0,0.0,0.003829225352112676,2026-06,-628.1791813380282,False
WC710957,2026-06-14 20:40,1978.0,1.0,0.4045950704225352,2026-06,314.03517605633795,True
WC710958,2026-06-14 22:17,1189.0,0.0,0.011487676056338028,2026-06,-621.9758362676057,False
WC710959,2026-06-14 22:23,1801.0,0.0,0.007352112676056339,2026-06,-623.9650422535211,False
WC710960,2026-06-14 22:26,611.0,0.0,0.0065643863179074445,2026-06,-633.4946931589536,False
WC710961,2026-06-14 22:43,2113.0,0.0,0.010211267605633803,2026-06,-614.543309859155,False
WC710962,2026-06-15 01:31,333.0,0.0,0.007352112676056339,2026-06,-634.7579436619718,False
WC710963,2026-06-15 03:25,436.0,0.0,0.006126760563380282,2026-06,-635.0005633802816,False
WC710965,2026-06-15 05:34,1430.0,0.0,0.007352112676056339,2026-06,-626.6926760563381,False
WC710966,2026-06-15 08:16,1372.0,0.0,0.005251509054325956,2026-06,-630.799356136821,False
WC710967,2026-06-15 08:33,1995.0,0.0,0.012253521126760564,2026-06,-610.8978873239437,False
WC710968,2026-06-15 08:52,1406.0,0.0,0.007352112676056339,2026-06,-626.8691267605634,False
WC710969,2026-06-15 09:05,5499.0,0.0,0.0003501006036217304,2026-06,-637.9417585513079,False
WC710970,2026-06-15 10:01,912.0,0.0,0.015316901408450705,2026-06,-620.2105633802817,False
WC710971,2026-06-15 10:01,12612.0,0.0,0.007658450704225352,2026-06,-540.5014084507043,False
WC710972,2026-06-15 10:16,572.0,0.0,0.012253521126760564,2026-06,-628.3346478873239,False
WC710973,2026-06-15 10:16,1425.0,0.0,0.012253521126760564,2026-06,-617.8823943661971,False
WC710974,2026-06-15 10:44,1373.0,0.0,0.006126760563380282,2026-06,-629.2597887323943,False
WC710975,2026-06-15 11:49,1448.0,0.0,0.011487676056338028,2026-06,-619.0005281690142,False
WC710976,2026-06-15 12:52,742.0,0.0,0.007658450704225352,2026-06,-631.4072183098592,False
WC710977,2026-06-15 14:28,1649.0,0.0,0.006126760563380282,2026-06,-627.5688028169014,False
WC710978,2026-06-15 18:11,835.0,0.0,0.011487676056338028,2026-06,-626.0424735915493,False
WC710979,2026-06-15 18:16,1143.0,0.0,0.0051056338028169015,2026-06,-632.2241197183099,False
WC710980,2026-06-15 19:05,1783.0,0.0,0.011487676056338028,2026-06,-615.1521566901408,False
WC710981,2026-06-15 20:07,1995.0,0.0,0.005743838028169014,2026-06,-626.3583846830986,False
WC710982,2026-06-15 21:01,1815.0,0.0,0.016351455589520898,2026-06,-604.1085549810016,False
WC710983,2026-06-15 22:16,3198.0,0.0,0.009190140845070423,2026-06,-607.117676056338,False
WC710984,2026-06-15 22:21,1347.0,1.0,0.2295950704225352,2026-06,-243.48931338028166,False
WC710985,2026-06-16 00:21,687.0,0.0,0.011487676056338028,2026-06,-627.7426496478873,False
WC710986,2026-06-16 01:00,1995.0,0.0,0.00875251509054326,2026-06,-619.2127766599597,False
WC710987,2026-06-16 02:13,12895.0,0.0,0.009190140845070423,2026-06,-518.0008802816901,False
WC710988,2026-06-16 02:43,3499.0,0.0,0.010211267605633803,2026-06,-600.3904929577465,False
WC710989,2026-06-16 03:15,1268.0,0.0,0.0032821931589537222,2026-06,-634.5909456740442,False
WC710990,2026-06-16 04:41,2028.0,0.0,0.015316901408450705,2026-06,-603.1169014084508,False
WC710991,2026-06-16 05:46,808.0,0.0,0.011487676056338028,2026-06,-626.3526408450705,False
WC710992,2026-06-16 06:11,1995.0,0.0,0.012253521126760564,2026-06,-610.8978873239437,False
WC710993,2026-06-16 06:54,867.0,1.0,0.6219651240778001,2026-06,135.59050972501677,True
WC710994,2026-06-16 07:56,1995.0,0.0,0.00875251509054326,2026-06,-619.2127766599597,False
WC710995,2026-06-16 08:36,9114.0,0.0,0.012253521126760564,2026-06,-523.6650704225351,False
WC710996,2026-06-16 09:48,1995.0,0.0,0.010211267605633803,2026-06,-615.7482394366198,False
WC710997,2026-06-16 11:57,1208.0,0.0,0.009190140845070423,2026-06,-625.4060563380282,False
WC710998,2026-06-16 12:37,1682.0,0.0,0.015316901408450705,2026-06,-608.4165492957746,False
WC710999,2026-06-16 14:17,6135.0,0.0,0.012253521126760564,2026-06,-560.1683098591549,False
WC711000,2026-06-16 16:00,3090.0,0.0,0.010211267605633803,2026-06,-604.5669014084507,False
WC711001,2026-06-16 17:27,2200.0,0.0,0.007352112676056339,2026-06,-621.0315492957747,False
WC711002,2026-06-16 18:09,1090.0,0.0,0.007352112676056339,2026-06,-629.1923943661972,False
WC711003,2026-06-16 18:10,250.0,0.0,0.0051056338028169015,2026-06,-636.7834507042253,False
WC711004,2026-06-16 18:59,1009.0,0.0,0.006126760563380282,2026-06,-631.4899295774649,False
WC711005,2026-06-16 19:03,2762.0,0.0,0.009190140845070423,2026-06,-611.1245774647887,False
WC711006,2026-06-16 20:07,1116.0,0.0,0.011487676056338028,2026-06,-622.8144366197183,False
WC711007,2026-06-16 20:25,1241.0,0.0,0.015316901408450705,2026-06,-615.1713028169014,False
WC711008,2026-06-16 21:33,1794.0,0.0,0.0029175050301810867,2026-06,-633.6573440643863,False
WC711009,2026-06-16 21:44,1379.0,0.0,0.23119718309859152,2026-06,-233.3241549295775,False
WC711011,2026-06-16 23:21,2051.0,0.0,0.006126760563380282,2026-06,-625.1058450704226,False
WC711012,2026-06-17 01:45,2328.0,0.0,0.015316901408450705,2026-06,-598.5218309859155,False
WC711013,2026-06-17 03:22,826.0,0.0,0.016351455589520898,2026-06,-620.2801445590378,False
WC711014,2026-06-17 04:57,792.0,0.0,0.0051056338028169015,2026-06,-634.0161971830986,False
WC711015,2026-06-17 05:33,634.0,0.0,0.015316901408450705,2026-06,-624.468661971831,False
WC711016,2026-06-17 06:16,9614.0,0.0,0.015316901408450705,2026-06,-486.92288732394366,False
WC711017,2026-06-17 08:51,1966.0,0.0,0.012253521126760564,2026-06,-611.2532394366197,False
WC711018,2026-06-17 09:15,1952.0,0.0,0.12122535211267606,2026-06,-357.30247887323947,False
WC711019,2026-06-17 10:48,1475.0,0.0,0.007352112676056339,2026-06,-626.3618309859155,False
WC711020,2026-06-17 11:50,426.0,0.0,0.010211267605633803,2026-06,-631.7697183098592,False
WC711021,2026-06-17 12:04,1693.0,0.0,0.007658450704225352,2026-06,-624.1240316901408,False
WC711022,2026-06-17 12:29,839.0,0.0,0.011487676056338028,2026-06,-625.9965228873239,False
WC711023,2026-06-17 15:04,1063.0,0.0,0.004595070422535211,2026-06,-633.3693133802817,False
WC711024,2026-06-17 15:54,985.0,0.0,0.016351455589520898,2026-06,-617.680263120304,False
WC711025,2026-06-17 16:11,1946.0,0.0,0.007352112676056339,2026-06,-622.898985915493,False
WC711026,2026-06-17 17:54,1947.0,0.0,0.0051056338028169015,2026-06,-628.1191901408451,False
WC711027,2026-06-17 19:57,1995.0,0.0,0.015316901408450705,2026-06,-603.6223591549297,False
WC711028,2026-06-17 20:54,701.0,0.0,0.007658450704225352,2026-06,-631.7212147887324,False
WC711029,2026-06-17 22:33,1525.0,0.0,0.007352112676056339,2026-06,-625.9942253521126,False
WC711030,2026-06-17 23:11,3520.0,0.0,0.012253521126760564,2026-06,-592.2112676056338,False
WC711031,2026-06-17 23:59,1140.0,0.0,0.012253521126760564,2026-06,-621.3746478873239,False
WC711032,2026-06-18 00:21,3049.0,0.0,0.0003501006036217304,2026-06,-638.7995050301811,False
WC711033,2026-06-18 00:30,532.0,0.0,0.009190140845070423,2026-06,-631.6185915492958,False
WC711034,2026-06-18 00:31,922.0,0.0,0.016351455589520898,2026-06,-618.7104048224437,False
WC711035,2026-06-18 00:40,834.0,0.0,0.009190140845070423,2026-06,-628.8431690140844,False
WC711036,2026-06-18 00:46,1795.0,0.0,0.009190140845070423,2026-06,-620.0114436619718,False
WC711037,2026-06-18 01:29,1683.0,0.0,0.016351455589520898,2026-06,-606.2669471188184,False
WC711038,2026-06-18 02:03,891.0,0.0,0.009190140845070423,2026-06,-628.3193309859155,False
WC711039,2026-06-18 04:22,893.0,0.0,0.009190140845070423,2026-06,-628.3009507042253,False
WC711040,2026-06-18 05:38,1503.0,0.0,0.007352112676056339,2026-06,-626.1559718309859,False
WC711041,2026-06-18 06:33,1548.0,1.0,0.2295950704225352,2026-06,-197.34070422535206,False
WC711042,2026-06-18 06:37,881.0,0.0,0.0020422535211267606,2026-06,-637.4247183098591,False
WC711043,2026-06-18 06:42,4090.0,0.0,0.009190140845070423,2026-06,-598.9200704225352,False
WC711044,2026-06-18 07:26,1171.0,0.0,0.016351455589520898,2026-06,-614.638892380653,False
WC711045,2026-06-18 08:17,1473.0,0.0,0.006126760563380282,2026-06,-628.6471126760564,False
WC711046,2026-06-18 09:03,1328.0,0.0,0.016351455589520898,2026-06,-612.0717138530983,False
WC711047,2026-06-18 09:50,2352.0,0.0,0.004595070422535211,2026-06,-627.4462676056337,False
WC711049,2026-06-18 10:50,3915.0,0.0,0.012253521126760564,2026-06,-587.3711267605634,False
WC711050,2026-06-18 11:56,4123.0,0.0,0.011487676056338028,2026-06,-588.2709947183098,False
WC711051,2026-06-18 12:54,446.0,0.0,0.007352112676056339,2026-06,-633.9271549295775,False
WC711052,2026-06-18 13:18,2374.0,0.0,0.0003501006036217304,2026-06,-639.0358229376258,False
WC711053,2026-06-18 13:22,1572.0,0.0,0.015316901408450705,2026-06,-610.1014084507042,False
WC711054,2026-06-18 13:36,1706.0,0.0,0.016351455589520898,2026-06,-605.8908636402593,False
WC711055,2026-06-18 14:27,1017.0,0.0,0.0051056338028169015,2026-06,-632.8674295774648,False
WC711056,2026-06-18 16:17,3592.0,0.0,0.010211267605633803,2026-06,-599.4408450704225,False
WC711057,2026-06-18 16:31,3381.0,0.0,0.0003501006036217304,2026-06,-638.6832716297787,False
WC711058,2026-06-18 16:45,1402.0,0.0,0.007352112676056339,2026-06,-626.8985352112676,False
WC711059,2026-06-18 17:13,1278.0,0.0,0.015316901408450705,2026-06,-614.6045774647887,False
WC711060,2026-06-18 19:13,12212.0,0.0,0.012253521126760564,2026-06,-485.7036619718309,False
WC711061,2026-06-18 22:28,1292.0,0.0,0.007658450704225352,2026-06,-627.1950704225352,False
WC711062,2026-06-18 22:29,1054.0,0.0,0.25510563380281687,2026-06,-274.17852112676064,False
WC711063,2026-06-18 22:35,1466.0,0.0,0.007352112676056339,2026-06,-626.428,False
WC711065,2026-06-19 02:10,8257.0,0.0,0.0003501006036217304,2026-06,-636.9761810865191,False
WC711066,2026-06-19 02:13,1088.0,0.0,0.007352112676056339,2026-06,-629.2070985915493,False
WC711067,2026-06-19 03:46,995.0,0.0,0.009190140845070423,2026-06,-627.3635563380282,False
WC711068,2026-06-19 06:06,4887.0,0.0,0.0003501006036217304,2026-06,-638.1560201207244,False
WC711069,2026-06-19 06:44,1076.0,0.0,0.0065643863179074445,2026-06,-630.4422535211268,False
WC711070,2026-06-19 08:47,1389.0,0.0,0.007658450704225352,2026-06,-626.4522007042253,False
WC711071,2026-06-19 13:05,906.0,0.0,0.007658450704225352,2026-06,-630.1512323943662,False
WC711072,2026-06-19 13:17,362.0,0.0,0.009190140845070423,2026-06,-633.1809154929578,False
WC711073,2026-06-19 14:11,632.0,0.0,0.007352112676056339,2026-06,-632.559661971831,False
WC711074,2026-06-19 14:20,1750.0,0.0,0.007352112676056339,2026-06,-624.34,False
WC711075,2026-06-19 14:36,5424.0,0.0,0.009190140845070423,2026-06,-586.6604225352112,False
WC711076,2026-06-19 14:48,757.0,0.0,0.016351455589520898,2026-06,-621.4083949947147,False
WC711077,2026-06-19 14:50,1246.0,0.0,0.012253521126760564,2026-06,-620.0757746478873,False
WC711078,2026-06-19 16:18,1363.0,0.0,0.011487676056338028,2026-06,-619.9769806338029,False
WC711079,2026-06-19 19:44,3171.0,0.0,0.0065643863179074445,2026-06,-616.6898641851107,False
WC711080,2026-06-19 20:30,694.0,0.0,0.006126760563380282,2026-06,-633.4198591549296,False
WC711081,2026-06-19 20:51,2245.0,0.0,0.009190140845070423,2026-06,-615.8758802816901,False
WC711082,2026-06-19 23:06,1859.0,0.0,0.009190140845070423,2026-06,-619.4232746478873,False
WC711083,2026-06-19 23:24,1557.0,0.0,0.016351455589520898,2026-06,-608.327230523098,False
WC711084,2026-06-20 01:25,1180.0,0.0,0.016351455589520898,2026-06,-614.4917292803474,False
WC711085,2026-06-20 01:30,1995.0,0.0,0.015316901408450705,2026-06,-603.6223591549297,False
WC711086,2026-06-20 01:47,1345.0,0.0,0.009190140845070423,2026-06,-624.1470070422536,False
WC711087,2026-06-20 04:59,1883.0,0.0,0.009190140845070423,2026-06,-619.2027112676057,False
WC711088,2026-06-20 07:13,988.0,0.0,0.007352112676056339,2026-06,-629.9423098591549,False
WC711089,2026-06-20 09:14,1402.0,0.0,0.005251509054325956,2026-06,-630.6418108651911,False
WC711091,2026-06-20 11:10,777.0,0.0,0.0065643863179074445,2026-06,-632.4050050301811,False
WC711092,2026-06-20 13:31,999.0,0.0,0.007352112676056339,2026-06,-629.8614366197182,False
WC711093,2026-06-20 14:01,634.0,0.0,0.011487676056338028,2026-06,-628.3514964788733,False
WC711094,2026-06-20 14:49,1995.0,0.0,0.12122535211267606,2026-06,-352.08978873239437,False
WC711095,2026-06-20 14:53,497.0,0.0,0.016351455589520898,2026-06,-625.6597734479901,False
WC711096,2026-06-20 17:49,775.0,0.0,0.007658450704225352,2026-06,-631.1544894366198,False
WC711097,2026-06-20 18:17,805.0,0.0,0.011487676056338028,2026-06,-626.3871038732394,False
WC711098,2026-06-20 19:10,1273.0,0.0,0.016351455589520898,2026-06,-612.971043910522,False
WC711099,2026-06-20 19:34,1606.0,0.0,0.016351455589520898,2026-06,-607.5260091992116,False
WC711100,2026-06-20 19:34,1306.0,0.0,0.015316901408450705,2026-06,-614.1757042253521,False
WC711101,2026-06-20 20:40,530.0,0.0,0.011487676056338028,2026-06,-629.5462147887324,False
WC711102,2026-06-20 23:00,2234.0,0.0,0.3826584507042254,2026-06,360.2691901408451,True
WC711103,2026-06-21 00:06,753.0,0.0,0.009190140845070423,2026-06,-629.5875704225352,False
WC711104,2026-06-21 02:21,1887.0,0.0,0.011487676056338028,2026-06,-613.9574383802817,False
WC711105,2026-06-21 02:56,1538.0,0.0,0.007352112676056339,2026-06,-625.8986478873239,False
WC711106,2026-06-21 03:50,762.0,0.0,0.016351455589520898,2026-06,-621.3266377167672,False
WC711107,2026-06-21 04:17,1517.0,0.0,0.016351455589520898,2026-06,-608.9812887466788,False
WC711108,2026-06-21 04:23,1116.0,0.0,0.015316901408450705,2026-06,-617.0859154929577,False
WC711109,2026-06-21 05:00,641.0,0.0,0.007352112676056339,2026-06,-632.4934929577464,False
WC711110,2026-06-21 05:31,1250.0,0.0,0.011487676056338028,2026-06,-621.275088028169,False
WC711111,2026-06-21 07:17,941.0,0.0,0.015316901408450705,2026-06,-619.7663732394367,False
WC711112,2026-06-21 08:02,327.0,0.0,0.011487676056338028,2026-06,-631.8782130281691,False
WC711113,2026-06-21 08:12,1730.0,0.0,0.016351455589520898,2026-06,-605.4984287061109,False
WC711114,2026-06-21 08:30,2185.0,0.0,0.015316901408450705,2026-06,-600.7121478873239,False
WC711115,2026-06-21 11:02,1314.0,0.0,0.015316901408450705,2026-06,-614.0531690140845,False
WC711116,2026-06-21 11:56,1406.0,1.0,0.016351455589520898,2026-06,-610.7963003171157,False
WC711117,2026-06-21 12:37,1995.0,0.0,0.00875251509054326,2026-06,-619.2127766599597,False
WC711119,2026-06-21 14:46,1818.0,0.0,0.007352112676056339,2026-06,-623.8400563380281,False
WC711120,2026-06-21 16:26,4563.0,0.0,0.009190140845070423,2026-06,-594.5731338028169,False
WC711121,2026-06-21 16:49,1685.0,0.0,0.011487676056338028,2026-06,-616.277948943662,False
WC711122,2026-06-21 17:06,509.0,0.0,0.2295950704225352,2026-06,-435.88998239436614,False
WC711123,2026-06-21 19:42,1995.0,0.0,0.12122535211267606,2026-06,-352.08978873239437,False
WC711124,2026-06-21 20:14,2045.0,0.0,0.009190140845070423,2026-06,-617.7139084507041,False
WC711125,2026-06-21 21:38,1374.0,0.0,0.0051056338028169015,2026-06,-631.0447183098591,False
WC711127,2026-06-22 00:03,1579.0,0.0,0.010211267605633803,2026-06,-619.9961267605634,False
WC711128,2026-06-22 00:40,2085.0,0.0,0.007658450704225352,2026-06,-621.1219190140845,False
WC711129,2026-06-22 01:21,672.0,0.0,0.015316901408450705,2026-06,-623.8866197183099,False
WC711130,2026-06-22 01:59,1995.0,0.0,0.17687793427230047,2026-06,-219.9149061032864,False
WC711131,2026-06-22 02:08,5938.0,0.0,0.011487676056338028,2026-06,-567.4208626760563,False
WC711132,2026-06-22 03:56,1995.0,0.0,0.010211267605633803,2026-06,-615.7482394366198,False
WC711133,2026-06-22 04:35,1860.0,0.0,0.007658450704225352,2026-06,-622.8450704225352,False
WC711134,2026-06-22 04:56,16610.0,0.0,0.005251509054325956,2026-06,-550.776861167002,False
WC711135,2026-06-22 06:04,715.0,0.0,0.006126760563380282,2026-06,-633.2911971830986,False
WC711136,2026-06-22 06:53,2082.0,0.0,0.00875251509054326,2026-06,-618.4513078470825,False
WC711137,2026-06-22 09:10,651.0,0.0,0.016351455589520898,2026-06,-623.141649287204,False
WC711138,2026-06-22 09:42,809.0,0.0,0.015316901408450705,2026-06,-621.788204225352,False
WC711139,2026-06-22 10:55,1149.0,0.0,0.015316901408450705,2026-06,-616.5804577464789,False
WC711140,2026-06-22 12:19,1056.0,0.0,0.016351455589520898,2026-06,-616.519309773448,False
WC711141,2026-06-22 14:44,1733.0,0.0,0.006126760563380282,2026-06,-627.0541549295774,False
WC711142,2026-06-22 16:08,1271.0,0.0,0.009190140845070423,2026-06,-624.8270774647888,False
WC711143,2026-06-22 16:33,1019.0,0.0,0.012253521126760564,2026-06,-622.8573239436619,False
WC711144,2026-06-22 21:16,1499.0,0.0,0.015316901408450705,2026-06,-611.2195422535211,False
WC711145,2026-06-22 23:47,3558.0,0.0,0.009190140845070423,2026-06,-603.8092253521127,False
WC711146,2026-06-22 23:59,782.0,0.0,0.011487676056338028,2026-06,-626.6513204225353,False
WC711147,2026-06-23 02:07,626.0,0.0,0.007352112676056339,2026-06,-632.6037746478873,False
WC711148,2026-06-23 03:17,789.0,0.0,0.015316901408450705,2026-06,-622.0945422535211,False
WC711149,2026-06-23 03:35,976.0,0.0,0.011487676056338028,2026-06,-624.4227112676056,False
WC711150,2026-06-23 04:29,1928.0,0.0,0.0065643863179074445,2026-06,-624.8493963782696,False
WC711151,2026-06-23 04:35,2255.0,0.0,0.0003501006036217304,2026-06,-639.0774849094568,False
WC711152,2026-06-23 04:46,10671.0,0.0,0.009190140845070423,2026-06,-538.4397535211267,False
WC711153,2026-06-23 04:52,8988.0,0.0,0.0065643863179074445,2026-06,-578.504828973843,False
WC711154,2026-06-23 05:29,1883.0,0.0,0.009190140845070423,2026-06,-619.2027112676057,False
WC711155,2026-06-23 05:52,1204.0,0.0,0.007352112676056339,2026-06,-628.3542535211268,False
WC711156,2026-06-23 06:05,1816.0,0.0,0.011487676056338028,2026-06,-614.7730633802817,False
WC711157,2026-06-23 10:32,4233.0,0.0,0.015316901408450705,2026-06,-569.343133802817,False
WC711158,2026-06-23 11:05,1113.0,0.0,0.009190140845070423,2026-06,-626.2791197183099,False
WC711159,2026-06-23 12:02,869.0,0.0,0.0051056338028169015,2026-06,-633.6230633802818,False
WC711160,2026-06-23 13:14,1995.0,0.0,0.015316901408450705,2026-06,-603.6223591549297,False
WC711161,2026-06-23 14:25,1156.0,0.0,0.016351455589520898,2026-06,-614.884164214496,False
WC711162,2026-06-23 14:57,674.0,0.0,0.015316901408450705,2026-06,-623.855985915493,False
WC711163,2026-06-23 16:45,1394.0,0.0,0.016351455589520898,2026-06,-610.9925177841899,False
WC711164,2026-06-23 17:37,1426.0,1.0,0.2295950704225352,2026-06,-225.35130281690135,False
WC711165,2026-06-23 19:15,8237.0,0.0,0.012253521126760564,2026-06,-534.4114084507041,False
WC711166,2026-06-23 19:31,781.0,0.0,0.007352112676056339,2026-06,-631.4641971830986,False
WC711167,2026-06-23 20:25,1995.0,0.0,0.012253521126760564,2026-06,-610.8978873239437,False
WC711168,2026-06-23 22:59,1795.0,0.0,0.006126760563380282,2026-06,-626.6742957746478,False
WC711169,2026-06-24 00:45,1285.0,0.0,0.006126760563380282,2026-06,-629.7989436619719,False
WC711170,2026-06-24 01:15,1013.0,0.0,0.007352112676056339,2026-06,-629.7585070422535,False
WC711171,2026-06-24 03:16,973.0,0.0,0.006126760563380282,2026-06,-631.7104929577465,False
WC711172,2026-06-24 03:27,1191.0,0.0,0.0051056338028169015,2026-06,-631.9790492957746,False
WC711173,2026-06-24 03:29,1724.0,0.0,0.007658450704225352,2026-06,-623.8866197183099,False
WC711174,2026-06-24 03:39,2360.0,0.0,0.010211267605633803,2026-06,-612.0211267605633,False
WC711175,2026-06-24 03:48,855.0,0.0,0.006126760563380282,2026-06,-632.4334507042254,False
WC711176,2026-06-24 04:18,1393.0,0.0,0.006126760563380282,2026-06,-629.1372535211267,False
WC711177,2026-06-24 06:13,1496.0,0.0,0.003751077895947111,2026-06,-632.9629778672032,False
WC711178,2026-06-24 06:39,1284.0,0.0,0.009190140845070423,2026-06,-624.7076056338028,False
WC711179,2026-06-24 06:58,2894.0,0.0,0.007352112676056339,2026-06,-615.9291830985916,False
WC711180,2026-06-24 07:09,1373.0,0.0,0.006126760563380282,2026-06,-629.2597887323943,False
WC711181,2026-06-24 08:50,1290.0,0.0,0.016351455589520898,2026-06,-612.6930691655001,False
WC711182,2026-06-24 09:07,9970.0,0.0,0.015316901408450705,2026-06,-481.4700704225352,False
WC711183,2026-06-24 10:59,1087.0,0.0,0.011487676056338028,2026-06,-623.147579225352,False
WC711184,2026-06-24 11:29,1605.0,0.0,0.011487676056338028,2026-06,-617.196963028169,False
WC711185,2026-06-24 11:30,1042.0,0.0,0.015316901408450705,2026-06,-618.219366197183,False
WC711187,2026-06-24 13:01,3661.0,0.0,0.007658450704225352,2026-06,-609.0522007042254,False
WC711188,2026-06-24 14:51,7733.0,0.0,0.010211267605633803,2026-06,-557.1559859154929,False
WC711189,2026-06-24 15:02,726.0,0.0,0.011487676056338028,2026-06,-627.2946302816902,False
WC711190,2026-06-24 15:26,1873.0,0.0,0.009190140845070423,2026-06,-619.2946126760563,False
WC711191,2026-06-24 16:01,1275.0,0.0,0.016351455589520898,2026-06,-612.9383409993429,False
WC711192,2026-06-24 16:31,895.0,0.0,0.016351455589520898,2026-06,-619.1518941233609,False
WC711193,2026-06-24 17:20,2431.0,0.0,0.015316901408450705,2026-06,-596.9441901408451,False
WC711194,2026-06-24 19:50,1119.0,0.0,0.011487676056338028,2026-06,-622.7799735915494,False
WC711195,2026-06-24 20:55,1237.0,0.0,0.006126760563380282,2026-06,-630.0930281690141,False
WC711196,2026-06-24 22:26,3139.0,0.0,0.012253521126760564,2026-06,-596.8798591549296,False
WC711197,2026-06-25 00:46,258.0,0.0,0.016351455589520898,2026-06,-629.5677713338857,False
WC711198,2026-06-25 00:52,1755.0,0.0,0.007352112676056339,2026-06,-624.3032394366197,False
WC711199,2026-06-25 05:57,1681.0,0.0,0.006126760563380282,2026-06,-627.3727464788733,False
WC711200,2026-06-25 08:41,959.0,1.0,0.6219651240778001,2026-06,192.81130114017435,True
WC711202,2026-06-25 09:31,1202.0,0.0,0.015316901408450705,2026-06,-615.768661971831,False
WC711203,2026-06-25 10:00,2304.0,0.0,0.010211267605633803,2026-06,-612.5929577464789,False
WC711204,2026-06-25 10:04,4346.0,0.0,0.011487676056338028,2026-06,-585.7092429577465,False
WC711205,2026-06-25 10:26,432.0,0.0,0.012253521126760564,2026-06,-630.0501408450705,False
WC711206,2026-06-25 10:54,326.0,0.0,0.016351455589520898,2026-06,-628.4558723537982,False
WC711207,2026-06-25 11:11,801.0,0.0,0.012253521126760564,2026-06,-625.5285915492957,False
WC711208,2026-06-25 12:42,1727.0,0.0,0.012253521126760564,2026-06,-614.1818309859154,False
WC711209,2026-06-25 15:22,672.0,0.0,0.009190140845070423,2026-06,-630.3319718309858,False
WC711210,2026-06-25 15:49,1532.0,0.0,0.016351455589520898,2026-06,-608.736016912836,False
WC711211,2026-06-25 15:58,1342.0,1.0,0.23119718309859152,2026-06,-241.87845070422543,False
WC711212,2026-06-25 16:30,739.0,0.0,0.005251509054325956,2026-06,-634.1235613682093,False
WC711213,2026-06-25 19:01,1325.0,0.0,0.012253521126760564,2026-06,-619.1077464788732,False
WC711214,2026-06-25 20:22,6990.0,0.0,0.009190140845070423,2026-06,-572.268661971831,False
WC711215,2026-06-25 20:49,879.0,0.0,0.003829225352112676,2026-06,-635.1790052816901,False
WC711216,2026-06-25 21:58,3688.0,0.0,0.009190140845070423,2026-06,-602.6145070422535,False
WC711217,2026-06-25 23:13,9987.0,0.0,0.015316901408450705,2026-06,-481.20968309859154,False
WC711218,2026-06-25 23:52,1616.0,0.0,0.006126760563380282,2026-06,-627.7709859154929,False
WC711219,2026-06-26 01:03,843.0,0.0,0.016351455589520898,2026-06,-620.0021698140159,False
WC711220,2026-06-26 01:11,3344.0,0.0,0.012253521126760564,2026-06,-594.3678873239437,False
WC711221,2026-06-26 01:55,5480.0,0.0,0.010211267605633803,2026-06,-580.161971830986,False
WC711222,2026-06-26 02:44,13112.0,0.0,0.012253521126760564,2026-06,-474.6754929577464,False
WC711223,2026-06-26 03:16,3153.0,0.0,0.004084507042253521,2026-06,-625.5694366197183,False
WC711224,2026-06-26 03:49,1872.0,0.0,0.016351455589520898,2026-06,-603.1765220123989,False
WC711225,2026-06-26 04:22,537.0,0.0,0.011487676056338028,2026-06,-629.465801056338,False
WC711226,2026-06-26 04:52,1145.0,0.0,0.006126760563380282,2026-06,-630.6566901408451,False
WC711227,2026-06-26 06:25,1580.0,0.0,0.007352112676056339,2026-06,-625.5898591549296,False
WC711228,2026-06-26 07:05,1430.0,0.0,0.009190140845070423,2026-06,-623.3658450704226,False
WC711229,2026-06-26 08:45,1136.0,0.0,0.011487676056338028,2026-06,-622.5846830985915,False
WC711230,2026-06-26 08:52,1433.0,0.0,0.016351455589520898,2026-06,-610.3548110161986,False
WC711231,2026-06-26 09:30,1304.0,0.0,0.015316901408450705,2026-06,-614.2063380281691,False
WC711232,2026-06-26 09:52,952.0,0.0,0.007352112676056339,2026-06,-630.206985915493,False
WC711233,2026-06-26 10:49,10332.0,0.0,0.009190140845070423,2026-06,-541.5552112676056,False
WC711234,2026-06-26 12:40,2397.0,0.0,0.012253521126760564,2026-06,-605.9719718309859,False
WC711235,2026-06-26 16:08,492.0,0.0,0.011487676056338028,2026-06,-629.9827464788732,False
WC711236,2026-06-26 16:13,795.0,0.0,0.00437625754527163,2026-06,-634.8578973843058,False
WC711237,2026-06-26 16:31,1995.0,0.0,0.012253521126760564,2026-06,-610.8978873239437,False
WC711239,2026-06-26 17:14,1737.0,0.0,0.016351455589520898,2026-06,-605.3839685169842,False
WC711240,2026-06-26 18:20,1014.0,0.0,0.006126760563380282,2026-06,-631.4592957746479,False
WC711241,2026-06-26 18:32,996.0,0.0,0.016351455589520898,2026-06,-617.5003971088192,False
WC711242,2026-06-26 19:21,1526.0,0.0,0.011487676056338028,2026-06,-618.1044894366197,False
WC711243,2026-06-26 19:53,2986.0,0.0,0.009190140845070423,2026-06,-609.065985915493,False
WC711244,2026-06-26 20:37,558.0,0.0,0.009190140845070423,2026-06,-631.3796478873239,False
WC711245,2026-06-26 21:20,9709.0,0.0,0.0003501006036217304,2026-06,-636.4678350100603,False
WC711246,2026-06-26 23:08,1503.0,0.0,0.011487676056338028,2026-06,-618.3687059859155,False
WC711247,2026-06-26 23:53,1041.0,0.0,0.016351455589520898,2026-06,-616.7645816072908,False
WC711248,2026-06-27 01:10,2771.0,0.0,0.009190140845070423,2026-06,-611.041866197183,False
WC711249,2026-06-27 01:34,999.0,1.0,0.016351455589520898,2026-06,-617.4513427420507,False
WC711250,2026-06-27 03:22,1190.0,0.0,0.007352112676056339,2026-06,-628.4571830985915,False
WC711251,2026-06-27 04:22,335.0,0.0,0.016351455589520898,2026-06,-628.3087092534926,False
WC711252,2026-06-27 05:07,2800.0,0.0,0.015316901408450705,2026-06,-591.2922535211268,False
WC711253,2026-06-27 05:44,645.0,0.0,0.524662558685446,2026-06,-102.22087734741788,False
WC711254,2026-06-27 07:15,1203.0,0.0,0.009190140845070423,2026-06,-625.4520070422535,False
WC711255,2026-06-27 07:43,2264.0,0.0,0.015316901408450705,2026-06,-599.5021126760564,False
WC711256,2026-06-27 08:23,1059.0,0.0,0.015316901408450705,2026-06,-617.9589788732394,False
WC711257,2026-06-27 09:39,1600.0,0.0,0.005251509054325956,2026-06,-629.6020120724346,False
WC711258,2026-06-27 09:39,2555.0,0.0,0.0065643863179074445,2026-06,-620.7335261569417,False
WC711259,2026-06-27 11:26,1995.0,0.0,0.012253521126760564,2026-06,-610.8978873239437,False
WC711260,2026-06-27 11:31,3251.0,0.0,0.015316901408450705,2026-06,-584.3843309859155,False
WC711261,2026-06-27 11:48,862.0,0.0,0.007658450704225352,2026-06,-630.4882042253521,False
WC711262,2026-06-27 12:38,17866.0,1.0,0.010211267605633803,2026-06,-453.6852112676056,False
WC711263,2026-06-27 13:54,1157.0,0.0,0.009190140845070423,2026-06,-625.8747535211268,False
WC711264,2026-06-27 15:59,1231.0,0.0,0.00437625754527163,2026-06,-632.9498490945674,False
WC711265,2026-06-27 17:14,1154.0,0.0,0.006126760563380282,2026-06,-630.6015492957747,False
WC711266,2026-06-27 18:43,743.0,0.0,0.016351455589520898,2026-06,-621.637315372968,False
WC711267,2026-06-27 20:02,716.0,0.0,0.011487676056338028,2026-06,-627.4095070422535,False
WC711268,2026-06-27 20:47,4978.0,0.0,0.010211267605633803,2026-06,-585.2880281690141,False
WC711269,2026-06-27 21:53,3695.0,0.0,0.004595070422535211,2026-06,-621.275088028169,False
WC711270,2026-06-27 22:18,1793.0,0.0,0.007352112676056339,2026-06,-624.0238591549296,False
WC711271,2026-06-27 22:24,1191.0,1.0,0.016351455589520898,2026-06,-614.3118632688627,False
WC711272,2026-06-27 22:49,1367.0,0.0,0.009190140845070423,2026-06,-623.944823943662,False
WC711273,2026-06-27 22:58,1144.0,0.0,0.016351455589520898,2026-06,-615.0803816815701,False
WC711274,2026-06-28 05:51,5418.0,0.0,0.012253521126760564,2026-06,-568.9540845070422,False
WC711275,2026-06-28 06:45,10969.0,0.0,0.009190140845070423,2026-06,-535.7010915492958,False
WC711276,2026-06-28 06:56,597.0,0.0,0.016351455589520898,2026-06,-624.0246278890381,False
WC711277,2026-06-28 07:59,6625.0,0.0,0.003829225352112676,2026-06,-613.1762764084507,False
WC711278,2026-06-28 09:00,1146.0,0.0,0.005251509054325956,2026-06,-631.9861971830986,False
WC711279,2026-06-28 10:40,1646.0,1.0,0.016351455589520898,2026-06,-606.8719509756306,False
WC711280,2026-06-28 11:05,1445.0,0.0,0.007658450704225352,2026-06,-626.0233274647887,False
WC711281,2026-06-28 12:01,609.0,0.0,0.011487676056338028,2026-06,-628.6386883802817,False
WC711282,2026-06-28 12:38,1087.0,0.0,0.007352112676056339,2026-06,-629.2144507042253,False
WC711283,2026-06-28 12:48,1066.0,0.0,0.016351455589520898,2026-06,-616.3557952175528,False
WC711284,2026-06-28 13:13,777.0,0.0,0.011487676056338028,2026-06,-626.7087588028169,False
WC711285,2026-06-28 14:56,4922.0,0.0,0.0003501006036217304,2026-06,-638.1437665995976,False
WC711286,2026-06-28 15:28,2971.0,0.0,0.009190140845070423,2026-06,-609.203838028169,False
WC711287,2026-06-28 16:07,774.0,0.0,0.009190140845070423,2026-06,-629.3945774647887,False
WC711288,2026-06-28 17:23,1780.0,0.0,0.011487676056338028,2026-06,-615.1866197183099,False
WC711289,2026-06-28 18:37,4990.0,0.0,0.012253521126760564,2026-06,-574.1985915492958,False
WC711290,2026-06-28 19:06,1801.0,0.0,0.011487676056338028,2026-06,-614.9453785211267,False
WC711291,2026-06-28 22:27,1905.0,0.0,0.009190140845070423,2026-06,-619.000528169014,False
WC711292,2026-06-28 22:43,1298.0,0.0,0.016351455589520898,2026-06,-612.562257520784,False
WC711293,2026-06-28 23:45,1367.0,0.0,0.007658450704225352,2026-06,-626.6206866197183,False
WC711294,2026-06-29 02:19,1104.0,0.0,0.016351455589520898,2026-06,-615.734439905151,False
WC711295,2026-06-29 02:20,3424.0,0.0,0.005251509054325956,2026-06,-620.0232595573441,False
WC711296,2026-06-29 03:38,975.0,0.0,0.012253521126760564,2026-06,-623.3964788732394,False
WC711297,2026-06-29 05:12,1012.0,0.0,0.007658450704225352,2026-06,-629.3394366197183,False
WC711298,2026-06-29 05:27,1327.0,0.0,0.007352112676056339,2026-06,-627.4499436619718,False
WC711299,2026-06-29 06:29,930.0,0.0,0.016351455589520898,2026-06,-618.5795931777276,False
WC711300,2026-06-29 06:38,1271.0,0.0,0.016351455589520898,2026-06,-613.003746821701,False
WC711301,2026-06-29 08:38,2954.0,0.0,0.011487676056338028,2026-06,-601.700088028169,False
WC711302,2026-06-29 09:15,17397.0,0.0,0.005251509054325956,2026-06,-546.6439235412474,False
WC711303,2026-06-29 09:24,1192.0,0.0,0.011487676056338028,2026-06,-621.9413732394366,False
WC711304,2026-06-29 09:32,5078.0,0.0,0.00875251509054326,2026-06,-592.2287726358148,False
WC711305,2026-06-29 09:59,3643.0,0.0,0.007352112676056339,2026-06,-610.4224507042254,False
WC711306,2026-06-29 10:21,1995.0,0.0,0.015316901408450705,2026-06,-603.6223591549297,False
WC711307,2026-06-29 10:28,891.0,0.0,0.003751077895947111,2026-06,-635.2323799942512,False
WC711308,2026-06-29 12:25,1727.0,0.0,0.009190140845070423,2026-06,-620.6363732394366,False
WC711309,2026-06-29 12:33,1249.0,0.0,0.016351455589520898,2026-06,-613.3634788446705,False
WC711310,2026-06-29 13:35,1063.0,0.0,0.016351455589520898,2026-06,-616.4048495843213,False
WC711311,2026-06-29 15:35,3289.0,0.0,0.0003501006036217304,2026-06,-638.7154808853119,False
WC711312,2026-06-29 15:50,1710.0,0.0,0.012253521126760564,2026-06,-614.3901408450704,False
WC711313,2026-06-29 16:43,1534.0,0.0,0.007658450704225352,2026-06,-625.3417253521127,False
WC711314,2026-06-29 17:58,1566.0,0.0,0.0065643863179074445,2026-06,-627.225704225352,False
WC711315,2026-06-29 18:57,1187.0,0.0,0.011487676056338028,2026-06,-621.9988116197183,False
WC711316,2026-06-29 19:22,8395.0,0.0,0.012253521126760564,2026-06,-532.4753521126761,False
WC711317,2026-06-29 20:27,1545.0,0.0,0.011487676056338028,2026-06,-617.8862235915493,False
WC711318,2026-06-29 21:05,1115.0,0.0,0.011487676056338028,2026-06,-622.8259242957747,False
WC711319,2026-06-29 21:52,4228.0,0.0,0.0003501006036217304,2026-06,-638.3867364185111,False
WC711320,2026-06-30 00:34,674.0,0.0,0.009190140845070423,2026-06,-630.3135915492958,False
WC711321,2026-06-30 01:53,6997.0,0.0,0.010211267605633803,2026-06,-564.6714788732395,False
WC711322,2026-06-30 02:35,853.0,0.0,0.011487676056338028,2026-06,-625.8356954225352,False
WC711323,2026-06-30 02:39,889.0,0.0,0.25510563380281687,2026-06,-316.2709507042254,False
WC711324,2026-06-30 03:31,608.0,0.0,0.011487676056338028,2026-06,-628.6501760563381,False
WC711325,2026-06-30 03:47,1453.0,0.0,0.011487676056338028,2026-06,-618.9430897887323,False
WC711326,2026-06-30 03:54,1083.0,0.0,0.011487676056338028,2026-06,-623.1935299295775,False
WC711327,2026-06-30 04:32,884.0,0.0,0.007352112676056339,2026-06,-630.7069295774647,False
WC711328,2026-06-30 06:33,959.0,0.0,0.011487676056338028,2026-06,-624.6180017605634,False
WC711329,2026-06-30 08:14,1431.0,0.0,0.005251509054325956,2026-06,-630.4895171026158,False
WC711330,2026-06-30 08:21,999.0,0.0,0.0065643863179074445,2026-06,-630.9477112676057,False
WC711331,2026-06-30 10:48,1695.0,0.0,0.007352112676056339,2026-06,-624.7443661971831,False
WC711332,2026-06-30 12:03,433.0,0.0,0.011487676056338028,2026-06,-630.6605193661971,False
WC711333,2026-06-30 12:37,10728.0,0.0,0.012253521126760564,2026-06,-503.88788732394363,False
WC711334,2026-06-30 12:48,2519.0,0.0,0.010211267605633803,2026-06,-610.3975352112676,False
WC711336,2026-06-30 14:47,1139.0,0.0,0.006126760563380282,2026-06,-630.6934507042254,False
WC711337,2026-06-30 14:49,4981.0,0.0,0.0003501006036217304,2026-06,-638.1231106639839,False
WC711338,2026-06-30 15:29,1080.0,0.0,0.007352112676056339,2026-06,-629.2659154929577,False
WC711339,2026-06-30 15:33,1820.0,0.0,0.007352112676056339,2026-06,-623.825352112676,False
WC711340,2026-06-30 15:53,9682.0,0.0,0.011487676056338028,2026-06,-524.4110035211268,False
WC711341,2026-06-30 17:08,1171.0,0.0,0.016351455589520898,2026-06,-614.638892380653,False
WC711342,2026-06-30 17:46,641.0,0.0,0.007352112676056339,2026-06,-632.4934929577464,False
WC711343,2026-06-30 18:05,788.0,0.0,0.009190140845070423,2026-06,-629.2659154929577,False
WC711344,2026-06-30 20:49,1003.0,0.0,0.007658450704225352,2026-06,-629.4083626760564,False
WC711345,2026-06-30 21:20,1467.0,0.0,0.009190140845070423,2026-06,-623.025809859155,False
WC711346,2026-06-30 23:25,256.0,0.0,0.009190140845070423,2026-06,-634.1550704225351,False
WC711347,2026-06-30 23:40,2311.0,0.0,0.00875251509054326,2026-06,-616.4469818913481,False
